Date,Spot
2015-08-11,0.8
2015-08-12,1.15
2015-08-13,1.53
2015-08-14,1.97
2015-08-15,1.71
2015-08-16,1.31
2015-08-17,1.39
2015-08-18,1.27
2015-08-19,1.2
2015-08-20,1.39
2015-08-21,1.48
2015-08-22,1.42
2015-08-23,1.36
2015-08-24,1.34
2015-08-25,1.26
2015-08-26,1.17
2015-08-27,1.16
2015-08-28,1.24
2015-08-29,1.17
2015-08-30,1.28
2015-08-31,1.25
2015-09-01,1.33
2015-09-02,1.34
2015-09-03,1.28
2015-09-04,1.23
2015-09-05,1.35
2015-09-06,1.36
2015-09-07,1.31
2015-09-08,1.3
2015-09-09,1.26
2015-09-10,1.19
2015-09-11,1.05
2015-09-12,1.06
2015-09-13,0.97
2015-09-14,0.96
2015-09-15,0.92
2015-09-16,0.95
2015-09-17,0.88
2015-09-18,0.88
2015-09-19,0.87
2015-09-20,0.91
2015-09-21,0.96
2015-09-22,0.88
2015-09-23,0.9
2015-09-24,0.84
2015-09-25,0.73
2015-09-26,0.71
2015-09-27,0.76
2015-09-28,0.68
2015-09-29,0.6
2015-09-30,0.68
2015-10-01,0.7
2015-10-02,0.67
2015-10-03,0.7
2015-10-04,0.68
2015-10-05,0.66
2015-10-06,0.64
2015-10-07,0.65
2015-10-08,0.61
2015-10-09,0.62
2015-10-10,0.65
2015-10-11,0.64
2015-10-12,0.64
2015-10-13,0.63
2015-10-14,0.57
2015-10-15,0.55
2015-10-16,0.53
2015-10-17,0.53
2015-10-18,0.52
2015-10-19,0.5
2015-10-20,0.48
2015-10-21,0.45
2015-10-22,0.46
2015-10-23,0.56
2015-10-24,0.55
2015-10-25,0.64
2015-10-26,0.68
2015-10-27,0.81
2015-10-28,0.87
2015-10-29,1.05
2015-10-30,1.18
2015-10-31,0.95
2015-11-01,0.98
2015-11-02,1.02
2015-11-03,0.98
2015-11-04,0.89
2015-11-05,0.92
2015-11-06,0.91
2015-11-07,0.92
2015-11-08,0.94
2015-11-09,1.02
2015-11-10,0.99
2015-11-11,0.86
2015-11-12,0.85
2015-11-13,0.88
2015-11-14,0.9
2015-11-15,0.9
2015-11-16,0.82
2015-11-17,0.95
2015-11-18,0.99
2015-11-19,0.97
2015-11-20,0.94
2015-11-21,0.95
2015-11-22,0.99
2015-11-23,0.94
2015-11-24,0.96
2015-11-25,0.88
2015-11-26,0.86
2015-11-27,0.88
2015-11-28,0.91
2015-11-29,0.88
2015-11-30,0.89
2015-12-01,0.88
2015-12-02,0.85
2015-12-03,0.81
2015-12-04,0.82
2015-12-05,0.85
2015-12-06,0.86
2015-12-07,0.82
2015-12-08,0.8
2015-12-09,0.79
2015-12-10,0.81
2015-12-11,0.84
2015-12-12,0.96
2015-12-13,0.96
2015-12-14,0.98
2015-12-15,0.99
2015-12-16,0.94
2015-12-17,0.95
2015-12-18,0.92
2015-12-19,0.9
2015-12-20,0.99
2015-12-21,0.93
2015-12-22,0.9
2015-12-23,0.89
2015-12-24,0.86
2015-12-25,0.88
2015-12-26,0.91
2015-12-27,0.86
2015-12-28,0.88
2015-12-29,0.89
2015-12-30,0.93
2015-12-31,0.94
2016-01-01,1.04
2016-01-02,0.96
2016-01-03,0.98
2016-01-04,0.95
2016-01-05,0.93
2016-01-06,0.95
2016-01-07,0.96
2016-01-08,1.0
2016-01-09,0.99
2016-01-10,1.02
2016-01-11,1.06
2016-01-12,1.15
2016-01-13,1.11
2016-01-14,1.14
2016-01-15,1.25
2016-01-16,1.26
2016-01-17,1.23
2016-01-18,1.43
2016-01-19,1.36
2016-01-20,1.43
2016-01-21,1.49
2016-01-22,1.55
2016-01-23,1.73
2016-01-24,2.14
2016-01-25,2.3
2016-01-26,2.57
2016-01-27,2.42
2016-01-28,2.43
2016-01-29,2.5
2016-01-30,2.48
2016-01-31,2.4
2016-02-01,2.2
2016-02-02,2.24
2016-02-03,2.37
2016-02-04,2.54
2016-02-05,2.53
2016-02-06,2.5
2016-02-07,2.68
2016-02-08,3.07
2016-02-09,3.53
2016-02-10,4.28
2016-02-11,4.9
2016-02-12,5.72
2016-02-13,4.92
2016-02-14,4.88
2016-02-15,5.38
2016-02-16,4.81
2016-02-17,4.08
2016-02-18,4.05
2016-02-19,4.47
2016-02-20,4.45
2016-02-21,4.4
2016-02-22,5.08
2016-02-23,5.67
2016-02-24,5.77
2016-02-25,6.19
2016-02-26,5.98
2016-02-27,6.21
2016-02-28,6.39
2016-02-29,6.4
2016-03-01,6.72
2016-03-02,7.92
2016-03-03,9.19
2016-03-04,9.26
2016-03-05,10.96
2016-03-06,10.97
2016-03-07,10.2
2016-03-08,9.59
2016-03-09,10.57
2016-03-10,11.63
2016-03-11,11.08
2016-03-12,12.79
2016-03-13,14.17
2016-03-14,13.52
2016-03-15,12.73
2016-03-16,13.26
2016-03-17,11.61
2016-03-18,10.17
2016-03-19,10.59
2016-03-20,10.27
2016-03-21,10.98
2016-03-22,11.58
2016-03-23,11.83
2016-03-24,11.41
2016-03-25,10.79
2016-03-26,10.9
2016-03-27,10.7
2016-03-28,11.25
2016-03-29,11.61
2016-03-30,11.8
2016-03-31,11.8
2016-04-01,11.66
2016-04-02,11.53
2016-04-03,11.56
2016-04-04,11.34
2016-04-05,10.76
2016-04-06,10.63
2016-04-07,10.43
2016-04-08,9.91
2016-04-09,9.67
2016-04-10,8.64
2016-04-11,8.53
2016-04-12,7.9
2016-04-13,7.8
2016-04-14,8.4
2016-04-15,8.37
2016-04-16,8.3
2016-04-17,9.26
2016-04-18,9.08
2016-04-19,9.05
2016-04-20,8.65
2016-04-21,8.49
2016-04-22,8.05
2016-04-23,8.06
2016-04-24,8.22
2016-04-25,7.86
2016-04-26,7.38
2016-04-27,7.64
2016-04-28,7.43
2016-04-29,7.48
2016-04-30,8.25
2016-05-01,8.7
2016-05-02,9.56
2016-05-03,9.62
2016-05-04,9.55
2016-05-05,9.56
2016-05-06,9.68
2016-05-07,9.33
2016-05-08,9.27
2016-05-09,9.42
2016-05-10,9.37
2016-05-11,9.67
2016-05-12,10.12
2016-05-13,10.59
2016-05-14,10.21
2016-05-15,10.16
2016-05-16,10.5
2016-05-17,11.75
2016-05-18,12.99
2016-05-19,13.91
2016-05-20,14.26
2016-05-21,13.55
2016-05-22,14.02
2016-05-23,14.03
2016-05-24,12.91
2016-05-25,12.65
2016-05-26,12.53
2016-05-27,11.4
2016-05-28,11.36
2016-05-29,12.11
2016-05-30,12.52
2016-05-31,13.37
2016-06-01,14.02
2016-06-02,14.0
2016-06-03,13.83
2016-06-04,13.89
2016-06-05,13.88
2016-06-06,14.03
2016-06-07,14.26
2016-06-08,14.65
2016-06-09,14.65
2016-06-10,14.34
2016-06-11,14.07
2016-06-12,14.82
2016-06-13,16.88
2016-06-14,18.19
2016-06-15,18.52
2016-06-16,19.99
2016-06-17,16.97
2016-06-18,12.78
2016-06-19,12.2
2016-06-20,11.82
2016-06-21,12.12
2016-06-22,14.31
2016-06-23,13.35
2016-06-24,14.16
2016-06-25,14.5
2016-06-26,14.19
2016-06-27,14.14
2016-06-28,12.86
2016-06-29,12.33
2016-06-30,12.59
2016-07-01,12.24
2016-07-02,12.13
2016-07-03,11.99
2016-07-04,11.65
2016-07-05,10.48
2016-07-06,10.6
2016-07-07,10.05
2016-07-08,11.31
2016-07-09,11.02
2016-07-10,11.01
2016-07-11,10.67
2016-07-12,10.55
2016-07-13,10.51
2016-07-14,11.55
2016-07-15,12.01
2016-07-16,11.83
2016-07-17,11.31
2016-07-18,11.1
2016-07-19,11.74
2016-07-20,12.56
2016-07-21,12.81
2016-07-22,14.94
2016-07-23,14.53
2016-07-24,12.61
2016-07-25,13.87
2016-07-26,12.02
2016-07-27,13.12
2016-07-28,12.95
2016-07-29,12.89
2016-07-30,12.58
2016-07-31,12.02
2016-08-01,11.02
2016-08-02,8.22
2016-08-03,10.48
2016-08-04,11.3
2016-08-05,11.19
2016-08-06,10.99
2016-08-07,11.06
2016-08-08,11.35
2016-08-09,12.31
2016-08-10,12.24
2016-08-11,11.73
2016-08-12,11.82
2016-08-13,11.6
2016-08-14,11.3
2016-08-15,11.26
2016-08-16,11.16
2016-08-17,11.03
2016-08-18,10.92
2016-08-19,10.78
2016-08-20,11.13
2016-08-21,11.13
2016-08-22,11.23
2016-08-23,11.07
2016-08-24,11.06
2016-08-25,11.19
2016-08-26,11.32
2016-08-27,11.23
2016-08-28,11.09
2016-08-29,10.99
2016-08-30,11.1
2016-08-31,11.3
2016-09-01,12.14
2016-09-02,12.1
2016-09-03,11.95
2016-09-04,11.73
2016-09-05,11.75
2016-09-06,11.63
2016-09-07,11.66
2016-09-08,11.5
2016-09-09,11.56
2016-09-10,11.69
2016-09-11,11.9
2016-09-12,11.8
2016-09-13,12.0
2016-09-14,11.95
2016-09-15,12.01
2016-09-16,12.2
2016-09-17,12.67
2016-09-18,12.78
2016-09-19,12.91
2016-09-20,13.83
2016-09-21,14.03
2016-09-22,13.13
2016-09-23,13.34
2016-09-24,13.06
2016-09-25,13.02
2016-09-26,12.96
2016-09-27,13.07
2016-09-28,13.31
2016-09-29,13.21
2016-09-30,13.24
2016-10-01,13.21
2016-10-02,13.26
2016-10-03,13.34
2016-10-04,13.45
2016-10-05,13.28
2016-10-06,12.95
2016-10-07,12.76
2016-10-08,12.39
2016-10-09,12.26
2016-10-10,11.87
2016-10-11,11.93
2016-10-12,11.83
2016-10-13,11.94
2016-10-14,11.96
2016-10-15,11.87
2016-10-16,11.97
2016-10-17,11.92
2016-10-18,12.47
2016-10-19,12.27
2016-10-20,12.09
2016-10-21,12.06
2016-10-22,12.04
2016-10-23,11.97
2016-10-24,11.95
2016-10-25,11.53
2016-10-26,11.51
2016-10-27,11.43
2016-10-28,11.3
2016-10-29,10.73
2016-10-30,10.7
2016-10-31,11.18
2016-11-01,10.71
2016-11-02,10.93
2016-11-03,10.93
2016-11-04,11.01
2016-11-05,11.11
2016-11-06,11.07
2016-11-07,10.97
2016-11-08,10.91
2016-11-09,10.67
2016-11-10,10.59
2016-11-11,10.43
2016-11-12,10.14
2016-11-13,10.1
2016-11-14,10.06
2016-11-15,10.08
2016-11-16,10.2
2016-11-17,10.0
2016-11-18,9.71
2016-11-19,9.65
2016-11-20,9.62
2016-11-21,9.59
2016-11-22,9.87
2016-11-23,9.83
2016-11-24,9.53
2016-11-25,9.42
2016-11-26,9.35
2016-11-27,9.09
2016-11-28,8.78
2016-11-29,8.23
2016-11-30,8.44
2016-12-01,8.49
2016-12-02,7.96
2016-12-03,7.89
2016-12-04,7.69
2016-12-05,7.25
2016-12-06,6.88
2016-12-07,7.78
2016-12-08,8.51
2016-12-09,8.38
2016-12-10,8.32
2016-12-11,8.21
2016-12-12,8.37
2016-12-13,8.45
2016-12-14,8.38
2016-12-15,8.0
2016-12-16,7.86
2016-12-17,7.67
2016-12-18,7.87
2016-12-19,7.77
2016-12-20,7.65
2016-12-21,7.78
2016-12-22,7.65
2016-12-23,7.37
2016-12-24,7.3
2016-12-25,7.23
2016-12-26,7.25
2016-12-27,7.22
2016-12-28,7.23
2016-12-29,8.19
2016-12-30,8.3
2016-12-31,8.1
2017-01-01,8.33
2017-01-02,8.24
2017-01-03,8.89
2017-01-04,10.56
2017-01-05,10.65
2017-01-06,10.13
2017-01-07,9.95
2017-01-08,10.18
2017-01-09,10.59
2017-01-10,10.55
2017-01-11,10.24
2017-01-12,9.67
2017-01-13,9.7
2017-01-14,9.78
2017-01-15,9.92
2017-01-16,9.77
2017-01-17,10.07
2017-01-18,10.27
2017-01-19,10.33
2017-01-20,10.62
2017-01-21,10.8
2017-01-22,10.89
2017-01-23,10.78
2017-01-24,10.64
2017-01-25,10.54
2017-01-26,10.58
2017-01-27,10.53
2017-01-28,10.55
2017-01-29,10.55
2017-01-30,10.52
2017-01-31,10.65
2017-02-01,10.71
2017-02-02,10.7
2017-02-03,10.81
2017-02-04,11.28
2017-02-05,11.29
2017-02-06,11.31
2017-02-07,11.46
2017-02-08,11.41
2017-02-09,11.19
2017-02-10,11.15
2017-02-11,11.43
2017-02-12,11.48
2017-02-13,11.39
2017-02-14,12.35
2017-02-15,12.91
2017-02-16,12.83
2017-02-17,12.85
2017-02-18,12.86
2017-02-19,12.9
2017-02-20,12.88
2017-02-21,12.72
2017-02-22,12.8
2017-02-23,12.89
2017-02-24,13.16
2017-02-25,13.44
2017-02-26,13.84
2017-02-27,14.83
2017-02-28,15.98
2017-03-01,16.11
2017-03-02,18.31
2017-03-03,19.88
2017-03-04,19.61
2017-03-05,18.93
2017-03-06,19.66
2017-03-07,19.24
2017-03-08,17.91
2017-03-09,17.37
2017-03-10,18.31
2017-03-11,20.01
2017-03-12,22.58
2017-03-13,27.48
2017-03-14,28.67
2017-03-15,30.52
2017-03-16,41.0
2017-03-17,46.74
2017-03-18,38.69
2017-03-19,39.7
2017-03-20,43.34
2017-03-21,42.86
2017-03-22,40.92
2017-03-23,41.48
2017-03-24,46.16
2017-03-25,50.25
2017-03-26,50.53
2017-03-27,50.39
2017-03-28,49.61
2017-03-29,52.24
2017-03-30,52.47
2017-03-31,50.08
2017-04-01,50.31
2017-04-02,50.1
2017-04-03,46.04
2017-04-04,43.81
2017-04-05,46.05
2017-04-06,44.42
2017-04-07,43.2
2017-04-08,44.55
2017-04-09,43.88
2017-04-10,43.64
2017-04-11,44.07
2017-04-12,44.42
2017-04-13,48.58
2017-04-14,48.03
2017-04-15,47.76
2017-04-16,48.43
2017-04-17,47.94
2017-04-18,48.78
2017-04-19,49.78
2017-04-20,48.69
2017-04-21,49.07
2017-04-22,48.65
2017-04-23,48.65
2017-04-24,49.99
2017-04-25,50.34
2017-04-26,52.19
2017-04-27,57.96
2017-04-28,67.24
2017-04-29,71.31
2017-04-30,73.33
2017-05-01,81.1
2017-05-02,78.91
2017-05-03,78.55
2017-05-04,88.19
2017-05-05,95.59
2017-05-06,93.96
2017-05-07,95.66
2017-05-08,90.78
2017-05-09,85.35
2017-05-10,88.7
2017-05-11,88.8
2017-05-12,88.5
2017-05-13,86.55
2017-05-14,89.05
2017-05-15,91.36
2017-05-16,90.07
2017-05-17,87.1
2017-05-18,91.86
2017-05-19,112.56
2017-05-20,125.5
2017-05-21,133.97
2017-05-22,166.66
2017-05-23,165.94
2017-05-24,186.89
2017-05-25,202.88
2017-05-26,182.48
2017-05-27,153.85
2017-05-28,173.1
2017-05-29,180.66
2017-05-30,207.89
2017-05-31,227.43
2017-06-01,226.49
2017-06-02,223.56
2017-06-03,223.3
2017-06-04,238.87
2017-06-05,246.65
2017-06-06,257.97
2017-06-07,261.82
2017-06-08,256.74
2017-06-09,267.51
2017-06-10,300.7
2017-06-11,343.69
2017-06-12,372.3
2017-06-13,385.35
2017-06-14,375.08
2017-06-15,321.62
2017-06-16,346.26
2017-06-17,356.65
2017-06-18,362.68
2017-06-19,356.22
2017-06-20,358.9
2017-06-21,327.46
2017-06-22,320.42
2017-06-23,325.47
2017-06-24,320.34
2017-06-25,294.94
2017-06-26,258.86
2017-06-27,243.5
2017-06-28,290.89
2017-06-29,307.29
2017-06-30,291.53
2017-07-01,269.31
2017-07-02,269.59
2017-07-03,278.6
2017-07-04,276.74
2017-07-05,264.83
2017-07-06,266.34
2017-07-07,254.65
2017-07-08,241.4
2017-07-09,244.93
2017-07-10,226.56
2017-07-11,196.57
2017-07-12,203.38
2017-07-13,208.79
2017-07-14,196.28
2017-07-15,184.65
2017-07-16,155.18
2017-07-17,171.58
2017-07-18,200.66
2017-07-19,220.68
2017-07-20,217.83
2017-07-21,224.3
2017-07-22,224.42
2017-07-23,228.99
2017-07-24,227.26
2017-07-25,210.8
2017-07-26,200.06
2017-07-27,201.96
2017-07-28,196.81
2017-07-29,187.71
2017-07-30,199.18
2017-07-31,196.14
2017-08-01,216.99
2017-08-02,221.52
2017-08-03,222.38
2017-08-04,222.88
2017-08-05,236.78
2017-08-06,258.96
2017-08-07,266.17
2017-08-08,281.3
2017-08-09,298.23
2017-08-10,300.91
2017-08-11,301.5
2017-08-12,314.26
2017-08-13,295.96
2017-08-14,300.14
2017-08-15,287.68
2017-08-16,293.22
2017-08-17,303.58
2017-08-18,299.54
2017-08-19,293.28
2017-08-20,293.8
2017-08-21,318.87
2017-08-22,311.6
2017-08-23,319.01
2017-08-24,321.13
2017-08-25,331.41
2017-08-26,330.04
2017-08-27,336.37
2017-08-28,343.71
2017-08-29,361.34
2017-08-30,380.31
2017-08-31,386.16
2017-09-01,392.65
2017-09-02,362.34
2017-09-03,354.46
2017-09-04,323.03
2017-09-05,310.28
2017-09-06,335.69
2017-09-07,331.88
2017-09-08,320.92
2017-09-09,304.59
2017-09-10,297.3
2017-09-11,297.32
2017-09-12,302.86
2017-09-13,275.47
2017-09-14,254.07
2017-09-15,238.47
2017-09-16,261.11
2017-09-17,253.84
2017-09-18,288.54
2017-09-19,287.39
2017-09-20,286.19
2017-09-21,275.66
2017-09-22,262.08
2017-09-23,275.11
2017-09-24,284.87
2017-09-25,290.81
2017-09-26,291.59
2017-09-27,296.69
2017-09-28,304.17
2017-09-29,291.53
2017-09-30,299.5
2017-10-01,299.62
2017-10-02,299.02
2017-10-03,292.89
2017-10-04,292.73
2017-10-05,292.55
2017-10-06,299.9
2017-10-07,308.48
2017-10-08,311.49
2017-10-09,301.51
2017-10-10,298.91
2017-10-11,300.62
2017-10-12,304.56
2017-10-13,325.32
2017-10-14,340.88
2017-10-15,332.46
2017-10-16,339.92
2017-10-17,324.5
2017-10-18,305.33
2017-10-19,309.54
2017-10-20,306.7
2017-10-21,298.27
2017-10-22,296.91
2017-10-23,286.2
2017-10-24,303.96
2017-10-25,296.21
2017-10-26,297.0
2017-10-27,296.57
2017-10-28,295.71
2017-10-29,301.79
2017-10-30,306.74
2017-10-31,307.45
2017-11-01,299.85
2017-11-02,285.29
2017-11-03,295.6
2017-11-04,300.16
2017-11-05,298.64
2017-11-06,298.19
2017-11-07,296.07
2017-11-08,300.85
2017-11-09,318.04
2017-11-10,311.49
2017-11-11,306.93
2017-11-12,309.2
2017-11-13,314.69
2017-11-14,327.0
2017-11-15,333.96
2017-11-16,328.38
2017-11-17,331.05
2017-11-18,334.66
2017-11-19,354.96
2017-11-20,361.66
2017-11-21,365.46
2017-11-22,367.02
2017-11-23,399.09
2017-11-24,431.72
2017-11-25,469.9
2017-11-26,463.73
2017-11-27,478.8
2017-11-28,473.08
2017-11-29,472.34
2017-11-30,436.86
2017-12-01,442.88
2017-12-02,464.79
2017-12-03,469.15
2017-12-04,463.69
2017-12-05,463.28
2017-12-06,449.8
2017-12-07,434.1
2017-12-08,447.91
2017-12-09,489.61
2017-12-10,457.06
2017-12-11,471.58
2017-12-12,568.81
2017-12-13,689.49
2017-12-14,719.25
2017-12-15,674.14
2017-12-16,701.31
2017-12-17,724.86
2017-12-18,737.17
2017-12-19,826.79
2017-12-20,799.61
2017-12-21,811.56
2017-12-22,676.05
2017-12-23,730.1
2017-12-24,685.93
2017-12-25,733.15
2017-12-26,752.03
2017-12-27,745.94
2017-12-28,705.88
2017-12-29,736.14
2017-12-30,722.87
2017-12-31,722.66
2018-01-01,745.54
2018-01-02,848.89
2018-01-03,885.91
2018-01-04,948.98
2018-01-05,976.67
2018-01-06,992.1
2018-01-07,1066.96
2018-01-08,1143.39
2018-01-09,1207.0
2018-01-10,1309.59
2018-01-11,1210.15
2018-01-12,1219.47
2018-01-13,1339.06
2018-01-14,1338.29
2018-01-15,1319.73
2018-01-16,1130.31
2018-01-17,955.47
2018-01-18,1038.11
2018-01-19,1042.97
2018-01-20,1113.21
2018-01-21,1077.31
2018-01-22,1016.65
2018-01-23,975.48
2018-01-24,1005.8
2018-01-25,1057.43
2018-01-26,1039.69
2018-01-27,1068.14
2018-01-28,1156.72
2018-01-29,1163.99
2018-01-30,1119.67
2018-01-31,1080.01
2018-02-01,1081.64
2018-02-02,908.67
2018-02-03,938.18
2018-02-04,899.76
2018-02-05,766.18
2018-02-06,676.18
2018-02-07,796.64
2018-02-08,809.45
2018-02-09,828.92
2018-02-10,867.34
2018-02-11,822.12
2018-02-12,853.56
2018-02-13,843.48
2018-02-14,881.09
2018-02-15,928.47
2018-02-16,930.03
2018-02-17,962.69
2018-02-18,941.17
2018-02-19,936.9
2018-02-20,934.36
2018-02-21,866.48
2018-02-22,827.2
2018-02-23,842.52
2018-02-24,841.29
2018-02-25,835.77
2018-02-26,857.04
2018-02-27,875.84
2018-02-28,870.5
2018-03-01,864.33
2018-03-02,861.85
2018-03-03,860.49
2018-03-04,852.54
2018-03-05,859.83
2018-03-06,831.8
2018-03-07,781.02
2018-03-08,738.84
2018-03-09,698.38
2018-03-10,727.05
2018-03-11,702.0
2018-03-12,713.49
2018-03-13,694.04
2018-03-14,659.46
2018-03-15,601.98
2018-03-16,609.19
2018-03-17,585.26
2018-03-18,508.2
2018-03-19,539.19
2018-03-20,543.44
2018-03-21,568.83
2018-03-22,548.34
2018-03-23,523.16
2018-03-24,536.65
2018-03-25,521.64
2018-03-26,499.2
2018-03-27,463.49
2018-03-28,450.65
2018-03-29,413.59
2018-03-30,384.98
2018-03-31,401.75
2018-04-01,382.21
2018-04-02,385.08
2018-04-03,401.62
2018-04-04,391.1
2018-04-05,378.04
2018-04-06,371.88
2018-04-07,383.63
2018-04-08,394.41
2018-04-09,403.61
2018-04-10,402.37
2018-04-11,418.84
2018-04-12,449.69
2018-04-13,504.06
2018-04-14,501.06
2018-04-15,519.21
2018-04-16,510.95
2018-04-17,510.47
2018-04-18,513.21
2018-04-19,542.38
2018-04-20,583.82
2018-04-21,604.08
2018-04-22,621.55
2018-04-23,637.35
2018-04-24,688.6
2018-04-25,642.63
2018-04-26,630.59
2018-04-27,664.67
2018-04-28,675.77
2018-04-29,683.22
2018-04-30,680.86
2018-05-01,656.4
2018-05-02,677.21
2018-05-03,732.04
2018-05-04,780.46
2018-05-05,806.76
2018-05-06,788.05
2018-05-07,741.22
2018-05-08,748.04
2018-05-09,738.42
2018-05-10,752.41
2018-05-11,697.91
2018-05-12,671.09
2018-05-13,703.99
2018-05-14,717.33
2018-05-15,722.86
2018-05-16,694.6
2018-05-17,698.72
2018-05-18,678.15
2018-05-19,696.3
2018-05-20,709.73
2018-05-21,704.8
2018-05-22,679.09
2018-05-23,612.77
2018-05-24,586.51
2018-05-25,593.91
2018-05-26,594.68
2018-05-27,573.69
2018-05-28,537.37
2018-05-29,542.18
2018-05-30,560.83
2018-05-31,571.75
2018-06-01,575.11
2018-06-02,587.86
2018-06-03,610.72
2018-06-04,598.73
2018-06-05,593.64
2018-06-06,603.65
2018-06-07,606.77
2018-06-08,600.35
2018-06-09,602.09
2018-06-10,558.03
2018-06-11,526.08
2018-06-12,520.13
2018-06-13,480.43
2018-06-14,492.46
2018-06-15,501.03
2018-06-16,495.48
2018-06-17,500.4
2018-06-18,501.18
2018-06-19,527.06
2018-06-20,528.58
2018-06-21,532.74
2018-06-22,489.18
2018-06-23,471.41
2018-06-24,450.57
2018-06-25,457.23
2018-06-26,448.58
2018-06-27,433.01
2018-06-28,434.25
2018-06-29,415.87
2018-06-30,449.09
2018-07-01,450.89
2018-07-02,460.29
2018-07-03,472.13
2018-07-04,466.49
2018-07-05,469.11
2018-07-06,465.79
2018-07-07,467.89
2018-07-08,486.46
2018-07-09,479.73
2018-07-10,448.27
2018-07-11,437.95
2018-07-12,432.82
2018-07-13,435.58
2018-07-14,433.73
2018-07-15,442.97
2018-07-16,463.87
2018-07-17,480.67
2018-07-18,494.61
2018-07-19,473.48
2018-07-20,458.05
2018-07-21,459.46
2018-07-22,462.65
2018-07-23,459.24
2018-07-24,467.59
2018-07-25,474.31
2018-07-26,475.63
2018-07-27,464.55
2018-07-28,467.39
2018-07-29,465.91
2018-07-30,459.1
2018-07-31,440.61
2018-08-01,420.57
2018-08-02,415.38
2018-08-03,409.52
2018-08-04,411.78
2018-08-05,406.47
2018-08-06,407.07
2018-08-07,402.57
2018-08-08,366.2
2018-08-09,361.42
2018-08-10,355.82
2018-08-11,318.59
2018-08-12,321.52
2018-08-13,308.04
2018-08-14,263.8
2018-08-15,287.48
2018-08-16,288.02
2018-08-17,300.0
2018-08-18,303.05
2018-08-19,296.89
2018-08-20,290.83
2018-08-21,277.87
2018-08-22,281.21
2018-08-23,273.5
2018-08-24,275.98
2018-08-25,279.41
2018-08-26,273.34
2018-08-27,276.4
2018-08-28,288.25
2018-08-29,291.95
2018-08-30,281.61
2018-08-31,280.74
2018-09-01,290.25
2018-09-02,294.0
2018-09-03,289.53
2018-09-04,287.07
2018-09-05,264.45
2018-09-06,225.92
2018-09-07,222.51
2018-09-08,211.74
2018-09-09,197.14
2018-09-10,195.92
2018-09-11,189.63
2018-09-12,175.54
2018-09-13,197.21
2018-09-14,213.06
2018-09-15,218.54
2018-09-16,217.86
2018-09-17,212.54
2018-09-18,203.13
2018-09-19,209.15
2018-09-20,210.46
2018-09-21,230.02
2018-09-22,240.62
2018-09-23,242.35
2018-09-24,236.29
2018-09-25,214.22
2018-09-26,214.9
2018-09-27,218.72
2018-09-28,225.62
2018-09-29,225.85
2018-09-30,232.24
2018-10-01,229.85
2018-10-02,227.39
2018-10-03,218.76
2018-10-04,222.5
2018-10-05,221.68
2018-10-06,224.66
2018-10-07,222.8
2018-10-08,225.79
2018-10-09,226.72
2018-10-10,223.44
2018-10-11,199.42
2018-10-12,194.3
2018-10-13,196.9
2018-10-14,197.11
2018-10-15,200.67
2018-10-16,204.1
2018-10-17,204.08
2018-10-18,201.72
2018-10-19,199.76
2018-10-20,201.96
2018-10-21,203.52
2018-10-22,201.43
2018-10-23,200.07
2018-10-24,201.36
2018-10-25,199.73
2018-10-26,200.33
2018-10-27,201.08
2018-10-28,201.6
2018-10-29,198.34
2018-10-30,194.5
2018-10-31,195.43
2018-11-01,196.84
2018-11-02,199.11
2018-11-03,198.85
2018-11-04,202.71
2018-11-05,207.87
2018-11-06,212.07
2018-11-07,218.22
2018-11-08,213.45
2018-11-09,209.56
2018-11-10,210.39
2018-11-11,209.38
2018-11-12,209.54
2018-11-13,205.9
2018-11-14,193.11
2018-11-15,174.84
2018-11-16,175.64
2018-11-17,172.08
2018-11-18,174.16
2018-11-19,157.44
2018-11-20,136.05
2018-11-21,131.63
2018-11-22,131.47
2018-11-23,120.93
2018-11-24,119.83
2018-11-25,107.76
2018-11-26,110.55
2018-11-27,104.9
2018-11-28,115.77
2018-11-29,118.09
2018-11-30,114.15
2018-12-01,114.82
2018-12-02,115.88
2018-12-03,110.21
2018-12-04,109.08
2018-12-05,105.15
2018-12-06,98.42
2018-12-07,86.57
2018-12-08,90.04
2018-12-09,92.06
2018-12-10,90.59
2018-12-11,87.76
2018-12-12,88.57
2018-12-13,87.99
2018-12-14,84.43
2018-12-15,82.8
2018-12-16,85.17
2018-12-17,88.19
2018-12-18,93.71
2018-12-19,102.63336805555599
2018-12-20,107.22118055555599
2018-12-21,112.257986111111
2018-12-22,109.938923611111
2018-12-23,127.8028125
2018-12-24,145.141111111111
2018-12-25,127.77736111111099
2018-12-26,129.55449646811002
2018-12-27,122.77857638888901
2018-12-28,122.096076388889
2018-12-29,136.599027777778
2018-12-30,135.843333333333
2018-12-31,134.568194444444
2019-01-01,133.763645833333
2019-01-02,146.7146875
2019-01-03,149.553993055556
2019-01-04,150.521701388889
2019-01-05,156.900104166667
2019-01-06,153.239409722222
2019-01-07,153.235104166667
2019-01-08,149.44111111111098
2019-01-09,150.4234375
2019-01-10,135.225173611111
2019-01-11,126.131284722222
2019-01-12,125.63295138888901
2019-01-13,121.22881944444401
2019-01-14,120.975034722222
2019-01-15,126.31006944444401
2019-01-16,121.71170138888901
2019-01-17,121.074652777778
2019-01-18,120.799027777778
2019-01-19,122.648333333333
2019-01-20,120.160625
2019-01-21,116.44340277777799
2019-01-22,116.92493055555599
2019-01-23,117.504965277778
2019-01-24,115.84642361111099
2019-01-25,115.558958333333
2019-01-26,115.65284722222201
2019-01-27,113.7753125
2019-01-28,105.544930555556
2019-01-29,104.263111888112
2019-01-30,105.936875
2019-01-31,106.830347222222
2019-02-01,105.135729166667
2019-02-02,106.385
2019-02-03,107.087430555556
2019-02-04,106.136527777778
2019-02-05,105.915659722222
2019-02-06,102.394583333333
2019-02-07,103.63854166666701
2019-02-08,109.05569444444401
2019-02-09,117.7371875
2019-02-10,117.24319444444401
2019-02-11,119.67076388888901
2019-02-12,119.43114583333299
2019-02-13,121.258541666667
2019-02-14,120.83263888888901
2019-02-15,120.63118055555599
2019-02-16,121.64767361111099
2019-02-17,124.801215277778
2019-02-18,139.49954861111098
2019-02-19,145.65572916666702
2019-02-20,143.93774305555598
2019-02-21,144.126111111111
2019-02-22,145.796736111111
2019-02-23,149.54892361111098
2019-02-24,152.482638888889
2019-02-25,137.256423611111
2019-02-26,135.887048611111
2019-02-27,135.586041666667
2019-02-28,135.627118055556
2019-03-01,135.448958333333
2019-03-02,132.852986111111
2019-03-03,132.291736111111
2019-03-04,126.124826388889
2019-03-05,130.304409722222
2019-03-06,136.427604166667
2019-03-07,137.018680555556
2019-03-08,135.653923611111
2019-03-09,135.725798611111
2019-03-10,134.978229166667
2019-03-11,132.851006944444
2019-03-12,131.837604166667
2019-03-13,131.507673611111
2019-03-14,131.24840277777798
2019-03-15,133.972152777778
2019-03-16,140.221180555556
2019-03-17,138.167222222222
2019-03-18,137.62784722222202
2019-03-19,137.429201388889
2019-03-20,137.46173611111098
2019-03-21,136.873645833333
2019-03-22,135.626111111111
2019-03-23,136.339331597222
2019-03-24,135.564375
2019-03-25,134.288229166667
2019-03-26,132.94045138888902
2019-03-27,137.100694444444
2019-03-28,137.585868055556
2019-03-29,139.565729166667
2019-03-30,142.139201388889
2019-03-31,141.0
2019-04-01,141.603541666667
2019-04-02,152.998958333333
2019-04-03,169.938611111111
2019-04-04,160.26663194444401
2019-04-05,163.074479166667
2019-04-06,165.20461805555598
2019-04-07,168.534131944444
2019-04-08,180.57875
2019-04-09,177.521701388889
2019-04-10,179.86635416666698
2019-04-11,167.961140789075
2019-04-12,164.39185859173799
2019-04-13,164.273506944444
2019-04-14,164.004513888889
2019-04-15,165.217222222222
2019-04-16,163.186875
2019-04-17,166.322743055556
2019-04-18,172.472752238401
2019-04-19,172.573681795129
2019-04-20,173.961840277778
2019-04-21,170.402743055556
2019-04-22,170.851006944444
2019-04-23,173.53444055944095
2019-04-24,165.91326388888902
2019-04-25,163.128229166667
2019-04-26,152.0625
2019-04-27,154.50159722222202
2019-04-28,154.84784722222201
2019-04-29,152.819652777778
2019-04-30,156.006048951049
2019-05-01,159.135104166667
2019-05-02,158.403993055556
2019-05-03,163.578402777778
2019-05-04,162.536388888889
2019-05-05,161.390694444444
2019-05-06,165.033333333333
2019-05-07,174.434618055556
2019-05-08,167.997118055556
2019-05-09,169.030173611111
2019-05-10,172.414583333333
2019-05-11,186.838784722222
2019-05-12,191.572048611111
2019-05-13,194.496145833333
2019-05-14,207.345625
2019-05-15,233.429548611111
2019-05-16,261.08684027777804
2019-05-17,238.468055555556
2019-05-18,238.3596875
2019-05-19,253.877291666667
2019-05-20,249.57534722222198
2019-05-21,253.664034440931
2019-05-22,253.754270833333
2019-05-23,240.958298611111
2019-05-24,249.651944444444
2019-05-25,252.241527777778
2019-05-26,252.701944444444
2019-05-27,269.085208333333
2019-05-28,270.6803125
2019-05-29,269.238298611111
2019-05-30,275.323090277778
2019-05-31,257.504444444444
2019-06-01,267.81409722222196
2019-06-02,268.703611111111
2019-06-03,262.337326388889
2019-06-04,244.64177083333303
2019-06-05,243.879131944444
2019-06-06,244.1021875
2019-06-07,249.084861111111
2019-06-08,246.994479166667
2019-06-09,238.31506944444402
2019-06-10,239.544722222222
2019-06-11,243.873055555556
2019-06-12,251.32309027777802
2019-06-13,259.588506944444
2019-06-14,256.680381944444
2019-06-15,266.230729166667
2019-06-16,270.98399305555597
2019-06-17,271.632326388889
2019-06-18,267.263680555556
2019-06-19,267.097534722222
2019-06-20,269.312593452411
2019-06-21,286.788645833333
2019-06-22,306.53625
2019-06-23,310.956875
2019-06-24,307.047152777778
2019-06-25,311.435555555556
2019-06-26,335.09784722222196
2019-06-27,310.27541666666696
2019-06-28,302.516493055556
2019-06-29,304.82493055555597
2019-06-30,306.213402777778
2019-07-01,291.012986111111
2019-07-02,284.275190972222
2019-07-03,294.918090277778
2019-07-04,295.478784722222
2019-07-05,288.363055555556
2019-07-06,292.017465277778
2019-07-07,294.469618055556
2019-07-08,307.698125
2019-07-09,311.596909722222
2019-07-10,301.075555555556
2019-07-11,273.576493055556
2019-07-12,273.676215277778
2019-07-13,269.86378472222196
2019-07-14,250.039201388889
2019-07-15,225.56652777777802
2019-07-16,217.873611111111
2019-07-17,205.856666666667
2019-07-18,218.462118055556
2019-07-19,220.279305555556
2019-07-20,228.100902777778
2019-07-21,224.4821875
2019-07-22,220.801805555556
2019-07-23,213.713391608392
2019-07-24,208.98607638888905
2019-07-25,221.35055555555599
2019-07-26,216.75697916666698
2019-07-27,213.358784722222
2019-07-28,208.189409722222
2019-07-29,210.6375
2019-07-30,209.2765625
2019-07-31,214.285902777778
2019-08-01,214.524375
2019-08-02,218.154409722222
2019-08-03,222.003888888889
2019-08-04,220.490243055556
2019-08-05,230.9225
2019-08-06,229.28277777777802
2019-08-07,225.76375
2019-08-08,222.6246875
2019-08-09,212.842881944444
2019-08-10,208.48479166666698
2019-08-11,211.4665625
2019-08-12,212.170034722222
2019-08-13,208.499861111111
2019-08-14,200.9125
2019-08-15,184.1959375
2019-08-16,184.757638888889
2019-08-17,184.53909722222198
2019-08-18,190.337569444444
2019-08-19,198.95125
2019-08-20,197.926284722222
2019-08-21,187.30388888888905
2019-08-22,188.575138888889
2019-08-23,192.833680555556
2019-08-24,190.208506944444
2019-08-25,188.631909722222
2019-08-26,189.37635416666697
2019-08-27,186.61159722222197
2019-08-28,182.704548611111
2019-08-29,169.184409722222
2019-08-30,168.45798611111098
2019-08-31,168.790798611111
2019-09-01,171.15927083333298
2019-09-02,173.77034722222197
2019-09-03,179.13131944444405
2019-09-04,177.35152777777802
2019-09-05,173.171319444444
2019-09-06,174.208125
2019-09-07,173.221354166667
2019-09-08,180.882326388889
2019-09-09,180.28979166666699
2019-09-10,180.887986111111
2019-09-11,178.163020833333
2019-09-12,178.828888888889
2019-09-13,179.642569444444
2019-09-14,183.59166666666698
2019-09-15,188.575798611111
2019-09-16,193.353194444444
2019-09-17,202.59239583333303
2019-09-18,212.65048611111087
2019-09-19,211.358784722222
2019-09-20,217.33840277777801
2019-09-21,216.790868055556
2019-09-22,210.21347222222198
2019-09-23,207.581284722222
2019-09-24,190.54513986014
2019-09-25,168.649131944444
2019-09-26,166.733194444444
2019-09-27,166.9746875
2019-09-28,173.68090277777802
2019-09-29,169.875347222222
2019-09-30,172.820104166667
2019-10-01,179.530590277778
2019-10-02,176.695
2019-10-03,176.274027777778
2019-10-04,175.027881944444
2019-10-05,175.189340277778
2019-10-06,173.268055555556
2019-10-07,175.55010416666698
2019-10-08,180.720590277778
2019-10-09,185.974618055556
2019-10-10,191.915972222222
2019-10-11,185.698298611111
2019-10-12,182.650277777778
2019-10-13,182.31239583333303
2019-10-14,183.825277777778
2019-10-15,182.912604166667
2019-10-16,176.701678321678
2019-10-17,175.82822916666697
2019-10-18,173.564618055556
2019-10-19,172.824548611111
2019-10-20,172.53402777777802
2019-10-21,174.518229166667
2019-10-22,173.410694444444
2019-10-23,164.10760416666702
2019-10-24,161.424375
2019-10-25,169.30309027777798
2019-10-26,182.618055555556
2019-10-27,182.4240625
2019-10-28,183.84079861111096
2019-10-29,186.78472222222197
2019-10-30,185.083611111111
2019-10-31,182.534131944444
2019-11-01,181.684131944444
2019-11-02,183.342986111111
2019-11-03,182.190798611111
2019-11-04,184.0178125
2019-11-05,187.48909722222197
2019-11-06,190.578286713287
2019-11-07,187.53527777777802
2019-11-08,184.601041666667
2019-11-09,184.462569444444
2019-11-10,187.31902777777802
2019-11-11,186.682291666667
2019-11-12,185.427673611111
2019-11-13,186.582048611111
2019-11-14,185.08395833333302
2019-11-15,181.55354166666697
2019-11-16,181.42875
2019-11-17,183.438541666667
2019-11-18,181.31274305555598
2019-11-19,175.512951388889
2019-11-20,175.40125
2019-11-21,167.573715277778
2019-11-22,153.443055555556
2019-11-23,150.666076388889
2019-11-24,147.885590277778
2019-11-25,142.451111111111
2019-11-26,146.548125
2019-11-27,148.756597222222
2019-11-28,152.519861111111
2019-11-29,153.823020833333
2019-11-30,153.000902777778
2019-12-01,149.11673611111098
2019-12-02,148.898923611111
2019-12-03,148.231145833333
2019-12-04,146.585069444444
2019-12-05,146.664895833333
2019-12-06,147.593923611111
2019-12-07,148.295486111111
2019-12-08,148.961770833333
2019-12-09,149.144965277778
2019-12-10,146.336111111111
2019-12-11,144.529826388889
2019-12-12,143.1965625
2019-12-13,144.28225694444401
2019-12-14,143.034409722222
2019-12-15,141.936625
2019-12-16,138.979201388889
2019-12-17,128.817048611111
2019-12-18,124.99392361111099
2019-12-19,127.599236111111
2019-12-20,127.422326388889
2019-12-21,127.296423611111
2019-12-22,129.34399305555598
2019-12-23,131.75170138888902
2019-12-24,127.87107638888901
2019-12-25,125.128229166667
2019-12-26,125.714756944444
2019-12-27,125.05986111111099
2019-12-28,127.467222222222
2019-12-29,130.3928125
2019-12-30,132.757152777778
2019-12-31,130.353090277778
2020-01-01,130.567604166667
2020-01-02,128.518541666667
2020-01-03,130.841805555556
2020-01-04,133.501875
2020-01-05,136.027708333333
2020-01-06,140.299236111111
2020-01-07,142.7190625
2020-01-08,142.40986111111098
2020-01-09,138.444548611111
2020-01-10,139.149375
2020-01-11,143.9378125
2020-01-12,144.220034722222
2020-01-13,143.497083333333
2020-01-14,154.298229166667
2020-01-15,164.42232638888902
2020-01-16,162.09100694444402
2020-01-17,168.744965277778
2020-01-18,172.160486111111
2020-01-19,169.94902777777799
2020-01-20,165.567916666667
2020-01-21,167.412430555556
2020-01-22,167.95163194444402
2020-01-23,162.812604166667
2020-01-24,160.430104166667
2020-01-25,159.84579861111098
2020-01-26,162.90329861111098
2020-01-27,168.41805555555598
2020-01-28,171.9246875
2020-01-29,176.16809027777802
2020-01-30,176.823473517488
2020-01-31,180.765451388889
2020-02-01,182.097256944444
2020-02-02,187.831388888889
2020-02-03,189.65125
2020-02-04,187.548680555556
2020-02-05,195.801111111111
2020-02-06,209.679618055556
2020-02-07,219.730868055556
2020-02-08,223.12277777777803
2020-02-09,227.504826388889
2020-02-10,222.72947916666698
2020-02-11,226.338576388889
2020-02-12,255.86104166666698
2020-02-13,268.121076388889
2020-02-14,272.533055555556
2020-02-15,277.251388888889
2020-02-16,263.33555555555597
2020-02-17,253.984201388889
2020-02-18,272.336388888889
2020-02-19,278.243472222222
2020-02-20,257.592430555556
2020-02-21,262.559513888889
2020-02-22,261.84003472222196
2020-02-23,270.036701388889
2020-02-24,267.64364583333304
2020-02-25,256.43552083333304
2020-02-26,233.854756944444
2020-02-27,226.48996527777803
2020-02-28,225.16604166666698
2020-02-29,226.41197916666698
2020-03-01,219.58958333333302
2020-03-02,225.400451388889
2020-03-03,226.939090909091
2020-03-04,224.37475694444402
2020-03-05,229.920798611111
2020-03-06,236.117048611111
2020-03-07,243.105
2020-03-08,223.31166666666698
2020-03-09,200.592152777778
2020-03-10,201.56503472222198
2020-03-11,195.83729166666697
2020-03-12,154.45791666666702
2020-03-13,124.948263888889
2020-03-14,129.230729166667
2020-03-15,123.291666666667
2020-03-16,112.67173611111099
2020-03-17,116.981388888889
2020-03-18,115.23618055555599
2020-03-19,126.50413194444401
2020-03-20,138.398819444444
2020-03-21,132.008506944444
2020-03-22,130.187152777778
2020-03-23,127.707847222222
2020-03-24,137.695486111111
2020-03-25,137.096145833333
2020-03-26,135.838402777778
2020-03-27,137.18829861111098
2020-03-28,128.901875
2020-03-29,128.492048611111
2020-03-30,130.98923611111098
2020-03-31,132.826493055556
2020-04-01,131.866701388889
2020-04-02,138.873725444684
2020-04-03,142.508125
2020-04-04,142.264791666667
2020-04-05,143.42267361111098
2020-04-06,155.566527777778
2020-04-07,170.50756944444402
2020-04-08,169.95107638888902
2020-04-09,170.661597222222
2020-04-10,160.23923611111098
2020-04-11,158.337222222222
2020-04-12,159.898090277778
2020-04-13,154.13857638888902
2020-04-14,158.581527777778
2020-04-15,157.950659722222
2020-04-16,165.392604166667
2020-04-17,170.821006944444
2020-04-18,178.152152777778
2020-04-19,182.99416666666698
2020-04-20,178.93190972222197
2020-04-21,171.85517361111096
2020-04-22,177.378368055556
2020-04-23,185.32111111111087
2020-04-24,187.83871527777802
2020-04-25,192.73520833333302
2020-04-26,195.445381944444
2020-04-27,195.423680555556
2020-04-28,195.718923611111
2020-04-29,207.870763888889
2020-04-30,214.071215277778
2020-05-01,211.525
2020-05-02,212.9990625
2020-05-03,212.879791666667
2020-05-04,203.466319444444
2020-05-05,205.95784722222197
2020-05-06,207.049236111111
2020-05-07,207.144027777778
2020-05-08,212.243645833333
2020-05-09,212.215069444444
2020-05-10,188.701944444444
2020-05-11,187.207673611111
2020-05-12,189.508888888889
2020-05-13,193.74635416666698
2020-05-14,200.886215277778
2020-05-15,198.96291666666698
2020-05-16,200.035798611111
2020-05-17,204.465034722222
2020-05-18,212.929618055556
2020-05-19,212.473958333333
2020-05-20,212.14965277777802
2020-05-21,204.45877622377603
2020-05-22,203.08715277777802
2020-05-23,207.79392361111096
2020-05-24,207.17260416666699
2020-05-25,203.27
2020-05-26,202.056142857143
2020-05-27,204.706666666667
2020-05-28,210.167569444444
2020-05-29,220.528645833333
2020-05-30,232.536423611111
2020-05-31,237.463993055556
2020-06-01,238.813159722222
2020-06-02,243.898090277778
2020-06-03,238.8396875
2020-06-04,243.13322916666698
2020-06-05,242.693506944444
2020-06-06,241.22913194444402
2020-06-07,240.60270833333303
2020-06-08,243.39847222222198
2020-06-09,243.440486111111
2020-06-10,244.48684027777801
2020-06-11,241.547048611111
2020-06-12,235.463229166667
2020-06-13,236.711319444444
2020-06-14,235.5153125
2020-06-15,226.960069444444
2020-06-16,233.19486111111087
2020-06-17,232.86729166666697
2020-06-18,232.122708333333
2020-06-19,229.205763888889
2020-06-20,228.425763888889
2020-06-21,229.524826388889
2020-06-22,237.768888888889
2020-06-23,242.977256944444
2020-06-24,239.60145833333303
2020-06-25,232.976388888889
2020-06-26,230.5590625
2020-06-27,226.9615625
2020-06-28,222.632673611111
2020-06-29,224.74916666666698
2020-06-30,226.21618055555598
2020-07-01,228.214861111111
2020-07-02,228.428263888889
2020-07-03,226.69451388888905
2020-07-04,226.825
2020-07-05,226.471041666667
2020-07-06,234.324236111111
2020-07-07,238.28541666666698
2020-07-08,243.383472222222
2020-07-09,243.7328125
2020-07-10,239.284652777778
2020-07-11,239.5884375
2020-07-12,239.62847222222197
2020-07-13,242.0840625
2020-07-14,239.534097222222
2020-07-15,239.043506944444
2020-07-16,234.088784722222
2020-07-17,233.013969907407
2020-07-18,234.454930555556
2020-07-19,235.0059375
2020-07-20,237.90777777777802
2020-07-21,241.78375
2020-07-22,245.593958333333
2020-07-23,267.81833333333304
2020-07-24,276.213611111111
2020-07-25,288.647326388889
2020-07-26,308.069583333333
2020-07-27,323.099409722222
2020-07-28,318.06590277777804
2020-07-29,320.716388888889
2020-07-30,322.623958333333
2020-07-31,340.348402777778
2020-08-01,362.2236458333329
2020-08-02,378.94274305555604
2020-08-03,387.419548611111
2020-08-04,391.223090277778
2020-08-05,394.531388888889
2020-08-06,396.8812152777781
2020-08-07,388.931423611111
2020-08-08,386.140972222222
2020-08-09,391.851076388889
2020-08-10,395.192638888889
2020-08-11,387.468263888889
2020-08-12,381.15399305555604
2020-08-13,395.2429166666671
2020-08-14,425.0
2020-08-15,438.83
2020-08-16,432.67
2020-08-17,433.71
2020-08-18,431.5
2020-08-19,422.31
2020-08-20,407.6
2020-08-21,415.92
2020-08-22,388.0
2020-08-23,395.52
2020-08-24,390.78
2020-08-25,407.76
2020-08-26,383.26
2020-08-27,386.12
2020-08-28,383.27
2020-08-29,395.35
2020-08-30,398.57
2020-08-31,428.92
2020-09-01,433.88
2020-09-02,475.57
2020-09-03,439.99
2020-09-04,382.15
2020-09-05,389.2
2020-09-06,335.25
2020-09-07,352.85
2020-09-08,353.71
2020-09-09,337.48
2020-09-10,351.11
2020-09-11,367.94
2020-09-12,373.93
2020-09-13,387.82
2020-09-14,366.58
2020-09-15,377.27
2020-09-16,364.05
2020-09-17,365.22
2020-09-18,389.52
2020-09-19,384.6
2020-09-20,385.25
2020-09-21,371.03
2020-09-22,340.36
2020-09-23,344.25
2020-09-24,320.65
2020-09-25,349.14
2020-09-26,352.12
2020-09-27,354.01
2020-09-28,357.53
2020-09-29,353.68
2020-09-30,359.93
2020-10-01,360.01
2020-10-02,352.84
2020-10-03,345.74
2020-10-04,346.18
2020-10-05,352.42
2020-10-06,353.82
2020-10-07,340.8
2020-10-08,341.7
2020-10-09,351.17
2020-10-10,365.35
2020-10-11,370.73
2020-10-12,374.37
2020-10-13,386.77
2020-10-14,381.37
2020-10-15,379.01
2020-10-16,377.89
2020-10-17,365.57
2020-10-18,368.48
2020-10-19,378.56
2020-10-20,379.53
2020-10-21,368.81
2020-10-22,391.36
2020-10-23,414.64
2020-10-24,409.55
2020-10-25,412.58
2020-10-26,406.32
2020-10-27,393.07
2020-10-28,404.56
2020-10-29,388.59
NOW,384.41